,snp_count,people_count
scz_deco_all_gb-qc.hg19.ch.fl.bgn.reid_h5,7330822,497
scz_page_all_gb-qc.hg19.ch.fl.bgn.reid_h5,7330822,483
scz_gapl_all_gb-qc.hg19.ch.fl.bgn.reid_h5,7330822,256
scz_cogs_all_gb-qc.hg19.ch.fl.bgn.reid_h5,7330822,565
scz_cati_all_gb-qc.hg19.ch.fl.bgn.reid_h5,7330822,715
scz_tcdn_all_gb-qc.hg19.ch.fl.bgn.reid_h5,7330822,1021
scz_paco_all_gb-qc.hg19.ch.fl.bgn.reid_h5,7330822,1067
scz_phrs_all_gb-qc.hg19.ch.fl.bgn.reid_h5,7330822,55
scz_lanr_all_gb-qc.hg19.ch.fl.bgn.reid_h5,7330822,77
scz_mfs1_all_gb-qc.hg19.ch.fl.bgn.reid_h5,7330822,100
scz_camh_all_gb-qc.hg19.ch.fl.bgn.reid_h5,7330822,202
scz_mcic_all_gb-qc.hg19.ch.fl.bgn.reid_h5,7330822,150
scz_imhs_all_gb-qc.hg19.ch.fl.bgn.reid_h5,7330822,124
scz_mts1_all_gb-qc.hg19.ch.fl.bgn.reid_h5,7330822,90
scz_nefs_all_gb-qc.hg19.ch.fl.bgn.reid_h5,7330822,235
scz_cida_all_gb-qc.hg19.ch.fl.bgn.reid_h5,7330822,196
scz_imh4_all_gb-qc.hg19.ch.fl.bgn.reid_h5,7330822,210
scz_umcu_all_gb-qc.hg19.ch.fl.bgn.reid_h5,7330822,504
