site,snp_neuropsych,snp_freesurfer,snp,
scz_camh_all_gb-qc.hg19.ch.fl.bgn.reid,181.0,178.0,202,
scz_cati_all_gb-qc.hg19.ch.fl.bgn.reid,697.0,,715,
scz_cida_all_gb-qc.hg19.ch.fl.bgn.reid,166.0,97.0,196,
scz_cogs_all_gb-qc.hg19.ch.fl.bgn.reid,484.0,,565,
scz_deco_all_gb-qc.hg19.ch.fl.bgn.reid,380.0,117.0,497,
scz_gapl_all_gb-qc.hg19.ch.fl.bgn.reid,,,256,
scz_imh4_all_gb-qc.hg19.ch.fl.bgn.reid,207.0,,210,
scz_imhs_all_gb-qc.hg19.ch.fl.bgn.reid,63.0,94.0,124,
scz_lanr_all_gb-qc.hg19.ch.fl.bgn.reid,61.0,59.0,77,
scz_mcic_all_gb-qc.hg19.ch.fl.bgn.reid,,,150,
scz_mfs1_all_gb-qc.hg19.ch.fl.bgn.reid,,,100,
scz_mts1_all_gb-qc.hg19.ch.fl.bgn.reid,,,90,
scz_nefs_all_gb-qc.hg19.ch.fl.bgn.reid,135.0,148.0,235,
scz_paco_all_gb-qc.hg19.ch.fl.bgn.reid,1067.0,,1067,
scz_page_all_gb-qc.hg19.ch.fl.bgn.reid,474.0,,483,
scz_phrs_all_gb-qc.hg19.ch.fl.bgn.reid,50.0,12.0,55,
scz_tcdn_all_gb-qc.hg19.ch.fl.bgn.reid,980.0,132.0,1021
scz_umcu_all_gb-qc.hg19.ch.fl.bgn.reid,465.0,425.0,504
